Link,Title,Location,Summary
https://www.saramin.co.kr/zf_user/jobs/relay/view?isMypage=no&rec_idx=47428631,이커머스 솔루션 Python Backend 개발자,서울강남구,백엔드/서버개발웹개발프론트엔드SE(시스템엔지니어)
https://www.saramin.co.kr/zf_user/jobs/relay/view?isMypage=no&rec_idx=47396701,[코레이즈] Python (Flask) 웹 개발자 채용 (신입),서울성동구,백엔드/서버개발웹개발프론트엔드DBMS
https://www.saramin.co.kr/zf_user/jobs/relay/view?isMypage=no&rec_idx=47471170,[재택근무] REACT · PHP · PYTHON 개발자 채용,서울양천구,백엔드/서버개발앱개발웹개발퍼블리셔
https://www.saramin.co.kr/zf_user/jobs/relay/view?isMypage=no&rec_idx=47254400,"개발자(System Engineer, Python), 전문연구요원 모집 공고",대구달성군,SE(시스템엔지니어)솔루션인터페이스라즈베리파이
https://www.saramin.co.kr/zf_user/jobs/relay/view?isMypage=no&rec_idx=47437901,Python 개발자 모집,서울강남구,백엔드/서버개발웹개발유지보수API
https://www.saramin.co.kr/zf_user/jobs/relay/view?isMypage=no&rec_idx=47444713,[인텔리전스랩스] 게임 이상탐지 백엔드 개발자 (Python),경기성남시 분당구,백엔드/서버개발네트워크솔루션알고리즘
https://www.saramin.co.kr/zf_user/jobs/relay/view?isMypage=no&rec_idx=47446357,AI/NLP 개발자(Python/JAVA)모집 (전문연구요원 병역특례가능),서울구로구,웹개발NLP(자연어처리)AI(인공지능).NET
https://www.saramin.co.kr/zf_user/jobs/relay/view?isMypage=no&rec_idx=47284051,python/Django 웹개발자 (신입/경력) 채용,서울송파구,웹개발모델링클라우드Django
https://www.saramin.co.kr/zf_user/jobs/relay/view?isMypage=no&rec_idx=41068534,"[패스오더] 백엔드 개발자(Spring, Python, MSA)",서울강남구,백엔드/서버개발웹개발SE(시스템엔지니어)인프라
https://www.saramin.co.kr/zf_user/jobs/relay/view?isMypage=no&rec_idx=47214301,마스코리아(주) Python 시스템 개발자 신입 및 경력사원 채용,서울강남구,IT컨설팅딥러닝MySQLPytorch
https://www.saramin.co.kr/zf_user/jobs/relay/view?isMypage=no&rec_idx=47428536,[안랩-제이슨] Python 파이썬 개발자 영입,서울마포구,데이터엔지니어빅데이터FlaskKeras
https://www.saramin.co.kr/zf_user/jobs/relay/view?isMypage=no&rec_idx=46726552,"Data Engineer (Python, SQL)",서울전체,SE(시스템엔지니어)데이터마이닝데이터시각화빅데이터
https://www.saramin.co.kr/zf_user/jobs/relay/view?isMypage=no&rec_idx=47337295,솔루션 S/W 개발자 모집(Python/Django),서울송파구,Git네트워크APIS/W
https://www.saramin.co.kr/zf_user/jobs/relay/view?isMypage=no&rec_idx=47463112,데이터분석/Python/JAVA/SAS 인재 채용,서울강남구,데이터분석가빅데이터클라우드Java
https://www.saramin.co.kr/zf_user/jobs/relay/view?isMypage=no&rec_idx=47492542,python 개발자,서울전체,백엔드/서버개발웹개발SE(시스템엔지니어)네트워크
https://www.saramin.co.kr/zf_user/jobs/relay/view?isMypage=no&rec_idx=47328923,소프트웨어 개발 (Java&Python) 신입 및 경력 모집,서울강남구,앱개발웹개발알고리즘HTML
https://www.saramin.co.kr/zf_user/jobs/relay/view?isMypage=no&rec_idx=47426149,미래를 함께할 Python 개발자 신입 사원 채용,경기안양시 동안구,웹개발DjangoOracleDBPostgreSQL
https://www.saramin.co.kr/zf_user/jobs/relay/view?isMypage=no&rec_idx=47426975,[코레이즈] Python (Flask) 웹 개발자 채용 (신입-보충역),서울성동구,백엔드/서버개발웹개발프론트엔드DBMS
https://www.saramin.co.kr/zf_user/jobs/relay/view?isMypage=no&rec_idx=47391766,"머신비전 개발자 , C/C++/C#, OpenCV, MIL, PYTHON, 딥러닝",경기용인시 기흥구,머신러닝빅데이터S/WAI(인공지능)
https://www.saramin.co.kr/zf_user/jobs/relay/view?isMypage=no&rec_idx=47332138,Solution/SW 개발자 채용 - Java/Python(경력),서울강남구,웹개발프론트엔드S/WJava
https://www.saramin.co.kr/zf_user/jobs/relay/view?isMypage=no&rec_idx=47528921,백엔드 Python 개발자 신입/경력 채용,서울영등포구,백엔드/서버개발인프라APIRDBMS
https://www.saramin.co.kr/zf_user/jobs/relay/view?isMypage=no&rec_idx=47526735,파이썬(Python) 백엔드 개발자 모십니다,서울강남구,백엔드/서버개발앱개발프론트엔드Android
https://www.saramin.co.kr/zf_user/jobs/relay/view?isMypage=no&rec_idx=47473059,"[병.의원 의료 DB]데이터 엔지니어 채용 (JAVA, Python, SQL)",서울강남구,데이터분석가데이터엔지니어백엔드/서버개발데이터라벨링
https://www.saramin.co.kr/zf_user/jobs/relay/view?isMypage=no&rec_idx=42358916,"[패스오더] 백엔드 개발자 (Spring, Python, MSA) (병역특례/산업기능요원/보충역/전직)",서울강남구,백엔드/서버개발웹개발DBASE(시스템엔지니어)
https://www.saramin.co.kr/zf_user/jobs/relay/view?isMypage=no&rec_idx=47479696,[신입/경력] Java / Python / 풀스택 / 프론트엔드 개발자 모집,대전유성구,백엔드/서버개발앱개발웹개발웹마스터
https://www.saramin.co.kr/zf_user/jobs/relay/view?isMypage=no&rec_idx=47494945,[중고나라] 신입 백엔드(Python&Java) 개발자 채용,서울서초구,게임개발기술지원데이터분석가데이터엔지니어
https://www.saramin.co.kr/zf_user/jobs/relay/view?isMypage=no&rec_idx=47399667,백엔드 엔지니어 (Python) 채용,서울강남구,백엔드/서버개발RDBMSDockerGit
https://www.saramin.co.kr/zf_user/jobs/relay/view?isMypage=no&rec_idx=47498837,"[(Java, Python) Back-End] 채용 모집",서울전체,백엔드/서버개발웹개발DBASE(시스템엔지니어)
https://www.saramin.co.kr/zf_user/jobs/relay/view?isMypage=no&rec_idx=47520120,"웹 개발자, Python 개발자 채용",강원춘천시,백엔드/서버개발앱개발웹개발프론트엔드
https://www.saramin.co.kr/zf_user/jobs/relay/view?isMypage=no&rec_idx=47369997,"프로그래밍(JAVA, Python) / 디자인 / OA / 회계 분야 강사 채용",충북청주시 상당구,데이터분석가백엔드/서버개발앱개발웹개발
https://www.saramin.co.kr/zf_user/jobs/relay/view?isMypage=no&rec_idx=47378030,특허/상표 데이터 등 분석(Python) 및 사업 기획 모집,서울강남구,데이터분석가머신러닝빅데이터크롤링
https://www.saramin.co.kr/zf_user/jobs/relay/view?isMypage=no&rec_idx=47336727,"광고솔루션 JAVA, Python 백앤드개발자 경력자 모집",서울서초구,백엔드/서버개발솔루션클라우드API
https://www.saramin.co.kr/zf_user/jobs/relay/view?isMypage=no&rec_idx=46604451,[파운트/핀테크] RA(로보어드바이저) 백엔드 개발자(Python),서울중구,백엔드/서버개발웹개발DBASE(시스템엔지니어)
https://www.saramin.co.kr/zf_user/jobs/relay/view?isMypage=no&rec_idx=47263260,"Python/PHP개발자, 디자이너, 퍼블리셔, 기획자 신입/경력",서울강서구,딥러닝퍼블리셔클라우드API
https://www.saramin.co.kr/zf_user/jobs/relay/view?isMypage=no&rec_idx=47517995,[인텔리전스랩스] MLOps팀 백엔드 개발자 (Python/Go),경기성남시 분당구,백엔드/서버개발네트워크머신러닝알고리즘
https://www.saramin.co.kr/zf_user/jobs/relay/view?isMypage=no&rec_idx=47272460,차량용 Software Test 자동화 개발(Python) 및 검증,인천서구,RPAS/WR솔루션업체
https://www.saramin.co.kr/zf_user/jobs/relay/view?isMypage=no&rec_idx=47496138,[여의도/본사] 현대카드 리스크관리팀채용/SQL/PYTHON,서울영등포구,데이터분석가SQL사무직문서작성
https://www.saramin.co.kr/zf_user/jobs/relay/view?isMypage=no&rec_idx=47489494,[크레드잇] 백엔드Backend 개발자를 모십니다 (Django/Python),서울영등포구,백엔드/서버개발APIAWSDjango
https://www.saramin.co.kr/zf_user/jobs/relay/view?isMypage=no&rec_idx=47396900,"특허데이터 분석(Python, 엑셀, PPT 활용) 직원 모집",서울강남구,데이터분석가데이터시각화특허분석데이터분석
https://www.saramin.co.kr/zf_user/jobs/relay/view?isMypage=no&rec_idx=46894201,Python SW 설계,경기고양시,SE(시스템엔지니어)S/WC#Linux
https://www.saramin.co.kr/zf_user/jobs/relay/view?isMypage=no&rec_idx=47428631,이커머스 솔루션 Python Backend 개발자,서울강남구,백엔드/서버개발웹개발프론트엔드SE(시스템엔지니어)
https://www.saramin.co.kr/zf_user/jobs/relay/view?isMypage=no&rec_idx=47284051,python/Django 웹개발자 (신입/경력) 채용,서울송파구,웹개발모델링클라우드Django
https://www.saramin.co.kr/zf_user/jobs/relay/view?isMypage=no&rec_idx=47437901,Python 개발자 모집,서울강남구,백엔드/서버개발웹개발유지보수API
https://www.saramin.co.kr/zf_user/jobs/relay/view?isMypage=no&rec_idx=47496138,[여의도/본사] 현대카드 리스크관리팀채용/SQL/PYTHON,서울영등포구,데이터분석가SQL사무직문서작성
https://www.saramin.co.kr/zf_user/jobs/relay/view?isMypage=no&rec_idx=47328923,소프트웨어 개발 (Java&Python) 신입 및 경력 모집,서울강남구,앱개발웹개발알고리즘HTML
https://www.saramin.co.kr/zf_user/jobs/relay/view?isMypage=no&rec_idx=47489494,[크레드잇] 백엔드Backend 개발자를 모십니다 (Django/Python),서울영등포구,백엔드/서버개발APIAWSDjango
https://www.saramin.co.kr/zf_user/jobs/relay/view?isMypage=no&rec_idx=47428536,[안랩-제이슨] Python 파이썬 개발자 영입,서울마포구,데이터엔지니어빅데이터FlaskKeras
https://www.saramin.co.kr/zf_user/jobs/relay/view?isMypage=no&rec_idx=47528921,백엔드 Python 개발자 신입/경력 채용,서울영등포구,백엔드/서버개발인프라APIRDBMS
https://www.saramin.co.kr/zf_user/jobs/relay/view?isMypage=no&rec_idx=47494945,[중고나라] 신입 백엔드(Python&Java) 개발자 채용,서울서초구,게임개발기술지원데이터분석가데이터엔지니어
https://www.saramin.co.kr/zf_user/jobs/relay/view?isMypage=no&rec_idx=47444713,[인텔리전스랩스] 게임 이상탐지 백엔드 개발자 (Python),경기성남시 분당구,백엔드/서버개발네트워크솔루션알고리즘
https://www.saramin.co.kr/zf_user/jobs/relay/view?isMypage=no&rec_idx=47426149,미래를 함께할 Python 개발자 신입 사원 채용,경기안양시 동안구,웹개발DjangoOracleDBPostgreSQL
https://www.saramin.co.kr/zf_user/jobs/relay/view?isMypage=no&rec_idx=42358916,"[패스오더] 백엔드 개발자 (Spring, Python, MSA) (병역특례/산업기능요원/보충역/전직)",서울강남구,백엔드/서버개발웹개발DBASE(시스템엔지니어)
https://www.saramin.co.kr/zf_user/jobs/relay/view?isMypage=no&rec_idx=47378030,특허/상표 데이터 등 분석(Python) 및 사업 기획 모집,서울강남구,데이터분석가머신러닝빅데이터크롤링
https://www.saramin.co.kr/zf_user/jobs/relay/view?isMypage=no&rec_idx=46726552,"Data Engineer (Python, SQL)",서울전체,SE(시스템엔지니어)데이터마이닝데이터시각화빅데이터
https://www.saramin.co.kr/zf_user/jobs/relay/view?isMypage=no&rec_idx=47520120,"웹 개발자, Python 개발자 채용",강원춘천시,백엔드/서버개발앱개발웹개발프론트엔드
https://www.saramin.co.kr/zf_user/jobs/relay/view?isMypage=no&rec_idx=47214301,마스코리아(주) Python 시스템 개발자 신입 및 경력사원 채용,서울강남구,IT컨설팅딥러닝MySQLPytorch
https://www.saramin.co.kr/zf_user/jobs/relay/view?isMypage=no&rec_idx=47446357,AI/NLP 개발자(Python/JAVA)모집 (전문연구요원 병역특례가능),서울구로구,웹개발NLP(자연어처리)AI(인공지능).NET
https://www.saramin.co.kr/zf_user/jobs/relay/view?isMypage=no&rec_idx=47479696,[신입/경력] Java / Python / 풀스택 / 프론트엔드 개발자 모집,대전유성구,백엔드/서버개발앱개발웹개발웹마스터
https://www.saramin.co.kr/zf_user/jobs/relay/view?isMypage=no&rec_idx=47391766,"머신비전 개발자 , C/C++/C#, OpenCV, MIL, PYTHON, 딥러닝",경기용인시 기흥구,머신러닝빅데이터S/WAI(인공지능)
https://www.saramin.co.kr/zf_user/jobs/relay/view?isMypage=no&rec_idx=47471170,[재택근무] REACT · PHP · PYTHON 개발자 채용,서울양천구,백엔드/서버개발앱개발웹개발퍼블리셔
https://www.saramin.co.kr/zf_user/jobs/relay/view?isMypage=no&rec_idx=47254400,"개발자(System Engineer, Python), 전문연구요원 모집 공고",대구달성군,SE(시스템엔지니어)솔루션인터페이스라즈베리파이
https://www.saramin.co.kr/zf_user/jobs/relay/view?isMypage=no&rec_idx=47463112,데이터분석/Python/JAVA/SAS 인재 채용,서울강남구,데이터분석가빅데이터클라우드Java
https://www.saramin.co.kr/zf_user/jobs/relay/view?isMypage=no&rec_idx=47396701,[코레이즈] Python (Flask) 웹 개발자 채용 (신입),서울성동구,백엔드/서버개발웹개발프론트엔드DBMS
https://www.saramin.co.kr/zf_user/jobs/relay/view?isMypage=no&rec_idx=47498837,"[(Java, Python) Back-End] 채용 모집",서울전체,백엔드/서버개발웹개발DBASE(시스템엔지니어)
https://www.saramin.co.kr/zf_user/jobs/relay/view?isMypage=no&rec_idx=47263260,"Python/PHP개발자, 디자이너, 퍼블리셔, 기획자 신입/경력",서울강서구,딥러닝퍼블리셔클라우드API
https://www.saramin.co.kr/zf_user/jobs/relay/view?isMypage=no&rec_idx=47396900,"특허데이터 분석(Python, 엑셀, PPT 활용) 직원 모집",서울강남구,데이터분석가데이터시각화특허분석데이터분석
https://www.saramin.co.kr/zf_user/jobs/relay/view?isMypage=no&rec_idx=47369997,"프로그래밍(JAVA, Python) / 디자인 / OA / 회계 분야 강사 채용",충북청주시 상당구,데이터분석가백엔드/서버개발앱개발웹개발
https://www.saramin.co.kr/zf_user/jobs/relay/view?isMypage=no&rec_idx=47336727,"광고솔루션 JAVA, Python 백앤드개발자 경력자 모집",서울서초구,백엔드/서버개발솔루션클라우드API
https://www.saramin.co.kr/zf_user/jobs/relay/view?isMypage=no&rec_idx=47492542,python 개발자,서울전체,백엔드/서버개발웹개발SE(시스템엔지니어)네트워크
https://www.saramin.co.kr/zf_user/jobs/relay/view?isMypage=no&rec_idx=46604451,[파운트/핀테크] RA(로보어드바이저) 백엔드 개발자(Python),서울중구,백엔드/서버개발웹개발DBASE(시스템엔지니어)
https://www.saramin.co.kr/zf_user/jobs/relay/view?isMypage=no&rec_idx=47473059,"[병.의원 의료 DB]데이터 엔지니어 채용 (JAVA, Python, SQL)",서울강남구,데이터분석가데이터엔지니어백엔드/서버개발데이터라벨링
https://www.saramin.co.kr/zf_user/jobs/relay/view?isMypage=no&rec_idx=47272460,차량용 Software Test 자동화 개발(Python) 및 검증,인천서구,RPAS/WR솔루션업체
https://www.saramin.co.kr/zf_user/jobs/relay/view?isMypage=no&rec_idx=47337295,솔루션 S/W 개발자 모집(Python/Django),서울송파구,Git네트워크APIS/W
https://www.saramin.co.kr/zf_user/jobs/relay/view?isMypage=no&rec_idx=47517995,[인텔리전스랩스] MLOps팀 백엔드 개발자 (Python/Go),경기성남시 분당구,백엔드/서버개발네트워크머신러닝알고리즘
https://www.saramin.co.kr/zf_user/jobs/relay/view?isMypage=no&rec_idx=47426975,[코레이즈] Python (Flask) 웹 개발자 채용 (신입-보충역),서울성동구,백엔드/서버개발웹개발프론트엔드DBMS
https://www.saramin.co.kr/zf_user/jobs/relay/view?isMypage=no&rec_idx=47526735,파이썬(Python) 백엔드 개발자 모십니다,서울강남구,백엔드/서버개발앱개발프론트엔드Android
https://www.saramin.co.kr/zf_user/jobs/relay/view?isMypage=no&rec_idx=47399667,백엔드 엔지니어 (Python) 채용,서울강남구,백엔드/서버개발RDBMSDockerGit
https://www.saramin.co.kr/zf_user/jobs/relay/view?isMypage=no&rec_idx=46894201,Python SW 설계,경기고양시,SE(시스템엔지니어)S/WC#Linux
https://www.saramin.co.kr/zf_user/jobs/relay/view?isMypage=no&rec_idx=47332138,Solution/SW 개발자 채용 - Java/Python(경력),서울강남구,웹개발프론트엔드S/WJava
https://www.saramin.co.kr/zf_user/jobs/relay/view?isMypage=no&rec_idx=41068534,"[패스오더] 백엔드 개발자(Spring, Python, MSA)",서울강남구,백엔드/서버개발웹개발SE(시스템엔지니어)인프라
https://www.saramin.co.kr/zf_user/jobs/relay/view?isMypage=no&rec_idx=47479696,[신입/경력] Java / Python / 풀스택 / 프론트엔드 개발자 모집,대전유성구,백엔드/서버개발앱개발웹개발웹마스터
https://www.saramin.co.kr/zf_user/jobs/relay/view?isMypage=no&rec_idx=47437901,Python 개발자 모집,서울강남구,백엔드/서버개발웹개발유지보수API
https://www.saramin.co.kr/zf_user/jobs/relay/view?isMypage=no&rec_idx=47337295,솔루션 S/W 개발자 모집(Python/Django),서울송파구,Git네트워크APIS/W
https://www.saramin.co.kr/zf_user/jobs/relay/view?isMypage=no&rec_idx=47328923,소프트웨어 개발 (Java&Python) 신입 및 경력 모집,서울강남구,앱개발웹개발알고리즘HTML
https://www.saramin.co.kr/zf_user/jobs/relay/view?isMypage=no&rec_idx=47332138,Solution/SW 개발자 채용 - Java/Python(경력),서울강남구,웹개발프론트엔드S/WJava
https://www.saramin.co.kr/zf_user/jobs/relay/view?isMypage=no&rec_idx=47463112,데이터분석/Python/JAVA/SAS 인재 채용,서울강남구,데이터분석가빅데이터클라우드Java
https://www.saramin.co.kr/zf_user/jobs/relay/view?isMypage=no&rec_idx=47494945,[중고나라] 신입 백엔드(Python&Java) 개발자 채용,서울서초구,게임개발기술지원데이터분석가데이터엔지니어
https://www.saramin.co.kr/zf_user/jobs/relay/view?isMypage=no&rec_idx=47498837,"[(Java, Python) Back-End] 채용 모집",서울전체,백엔드/서버개발웹개발DBASE(시스템엔지니어)
https://www.saramin.co.kr/zf_user/jobs/relay/view?isMypage=no&rec_idx=47396900,"특허데이터 분석(Python, 엑셀, PPT 활용) 직원 모집",서울강남구,데이터분석가데이터시각화특허분석데이터분석
https://www.saramin.co.kr/zf_user/jobs/relay/view?isMypage=no&rec_idx=47378030,특허/상표 데이터 등 분석(Python) 및 사업 기획 모집,서울강남구,데이터분석가머신러닝빅데이터크롤링
https://www.saramin.co.kr/zf_user/jobs/relay/view?isMypage=no&rec_idx=47517995,[인텔리전스랩스] MLOps팀 백엔드 개발자 (Python/Go),경기성남시 분당구,백엔드/서버개발네트워크머신러닝알고리즘
https://www.saramin.co.kr/zf_user/jobs/relay/view?isMypage=no&rec_idx=47496138,[여의도/본사] 현대카드 리스크관리팀채용/SQL/PYTHON,서울영등포구,데이터분석가SQL사무직문서작성
https://www.saramin.co.kr/zf_user/jobs/relay/view?isMypage=no&rec_idx=47446357,AI/NLP 개발자(Python/JAVA)모집 (전문연구요원 병역특례가능),서울구로구,웹개발NLP(자연어처리)AI(인공지능).NET
https://www.saramin.co.kr/zf_user/jobs/relay/view?isMypage=no&rec_idx=46894201,Python SW 설계,경기고양시,SE(시스템엔지니어)S/WC#Linux
https://www.saramin.co.kr/zf_user/jobs/relay/view?isMypage=no&rec_idx=47489494,[크레드잇] 백엔드Backend 개발자를 모십니다 (Django/Python),서울영등포구,백엔드/서버개발APIAWSDjango
https://www.saramin.co.kr/zf_user/jobs/relay/view?isMypage=no&rec_idx=47492542,python 개발자,서울전체,백엔드/서버개발웹개발SE(시스템엔지니어)네트워크
https://www.saramin.co.kr/zf_user/jobs/relay/view?isMypage=no&rec_idx=47336727,"광고솔루션 JAVA, Python 백앤드개발자 경력자 모집",서울서초구,백엔드/서버개발솔루션클라우드API
https://www.saramin.co.kr/zf_user/jobs/relay/view?isMypage=no&rec_idx=47396701,[코레이즈] Python (Flask) 웹 개발자 채용 (신입),서울성동구,백엔드/서버개발웹개발프론트엔드DBMS
https://www.saramin.co.kr/zf_user/jobs/relay/view?isMypage=no&rec_idx=47444713,[인텔리전스랩스] 게임 이상탐지 백엔드 개발자 (Python),경기성남시 분당구,백엔드/서버개발네트워크솔루션알고리즘
https://www.saramin.co.kr/zf_user/jobs/relay/view?isMypage=no&rec_idx=46604451,[파운트/핀테크] RA(로보어드바이저) 백엔드 개발자(Python),서울중구,백엔드/서버개발웹개발DBASE(시스템엔지니어)
https://www.saramin.co.kr/zf_user/jobs/relay/view?isMypage=no&rec_idx=47471170,[재택근무] REACT · PHP · PYTHON 개발자 채용,서울양천구,백엔드/서버개발앱개발웹개발퍼블리셔
https://www.saramin.co.kr/zf_user/jobs/relay/view?isMypage=no&rec_idx=46726552,"Data Engineer (Python, SQL)",서울전체,SE(시스템엔지니어)데이터마이닝데이터시각화빅데이터
https://www.saramin.co.kr/zf_user/jobs/relay/view?isMypage=no&rec_idx=47428631,이커머스 솔루션 Python Backend 개발자,서울강남구,백엔드/서버개발웹개발프론트엔드SE(시스템엔지니어)
https://www.saramin.co.kr/zf_user/jobs/relay/view?isMypage=no&rec_idx=47272460,차량용 Software Test 자동화 개발(Python) 및 검증,인천서구,RPAS/WR솔루션업체
https://www.saramin.co.kr/zf_user/jobs/relay/view?isMypage=no&rec_idx=47426975,[코레이즈] Python (Flask) 웹 개발자 채용 (신입-보충역),서울성동구,백엔드/서버개발웹개발프론트엔드DBMS
https://www.saramin.co.kr/zf_user/jobs/relay/view?isMypage=no&rec_idx=47399667,백엔드 엔지니어 (Python) 채용,서울강남구,백엔드/서버개발RDBMSDockerGit
https://www.saramin.co.kr/zf_user/jobs/relay/view?isMypage=no&rec_idx=47528921,백엔드 Python 개발자 신입/경력 채용,서울영등포구,백엔드/서버개발인프라APIRDBMS
https://www.saramin.co.kr/zf_user/jobs/relay/view?isMypage=no&rec_idx=42358916,"[패스오더] 백엔드 개발자 (Spring, Python, MSA) (병역특례/산업기능요원/보충역/전직)",서울강남구,백엔드/서버개발웹개발DBASE(시스템엔지니어)
https://www.saramin.co.kr/zf_user/jobs/relay/view?isMypage=no&rec_idx=41068534,"[패스오더] 백엔드 개발자(Spring, Python, MSA)",서울강남구,백엔드/서버개발웹개발SE(시스템엔지니어)인프라
https://www.saramin.co.kr/zf_user/jobs/relay/view?isMypage=no&rec_idx=47520120,"웹 개발자, Python 개발자 채용",강원춘천시,백엔드/서버개발앱개발웹개발프론트엔드
https://www.saramin.co.kr/zf_user/jobs/relay/view?isMypage=no&rec_idx=47473059,"[병.의원 의료 DB]데이터 엔지니어 채용 (JAVA, Python, SQL)",서울강남구,데이터분석가데이터엔지니어백엔드/서버개발데이터라벨링
https://www.saramin.co.kr/zf_user/jobs/relay/view?isMypage=no&rec_idx=47284051,python/Django 웹개발자 (신입/경력) 채용,서울송파구,웹개발모델링클라우드Django
https://www.saramin.co.kr/zf_user/jobs/relay/view?isMypage=no&rec_idx=47526735,파이썬(Python) 백엔드 개발자 모십니다,서울강남구,백엔드/서버개발앱개발프론트엔드Android
https://www.saramin.co.kr/zf_user/jobs/relay/view?isMypage=no&rec_idx=47369997,"프로그래밍(JAVA, Python) / 디자인 / OA / 회계 분야 강사 채용",충북청주시 상당구,데이터분석가백엔드/서버개발앱개발웹개발
https://www.saramin.co.kr/zf_user/jobs/relay/view?isMypage=no&rec_idx=47428536,[안랩-제이슨] Python 파이썬 개발자 영입,서울마포구,데이터엔지니어빅데이터FlaskKeras
https://www.saramin.co.kr/zf_user/jobs/relay/view?isMypage=no&rec_idx=47263260,"Python/PHP개발자, 디자이너, 퍼블리셔, 기획자 신입/경력",서울강서구,딥러닝퍼블리셔클라우드API
https://www.saramin.co.kr/zf_user/jobs/relay/view?isMypage=no&rec_idx=47426149,미래를 함께할 Python 개발자 신입 사원 채용,경기안양시 동안구,웹개발DjangoOracleDBPostgreSQL
https://www.saramin.co.kr/zf_user/jobs/relay/view?isMypage=no&rec_idx=47254400,"개발자(System Engineer, Python), 전문연구요원 모집 공고",대구달성군,SE(시스템엔지니어)솔루션인터페이스라즈베리파이
https://www.saramin.co.kr/zf_user/jobs/relay/view?isMypage=no&rec_idx=47391766,"머신비전 개발자 , C/C++/C#, OpenCV, MIL, PYTHON, 딥러닝",경기용인시 기흥구,머신러닝빅데이터S/WAI(인공지능)
https://www.saramin.co.kr/zf_user/jobs/relay/view?isMypage=no&rec_idx=47214301,마스코리아(주) Python 시스템 개발자 신입 및 경력사원 채용,서울강남구,IT컨설팅딥러닝MySQLPytorch
https://www.saramin.co.kr/zf_user/jobs/relay/view?isMypage=no&rec_idx=47437901,Python 개발자 모집,서울강남구,백엔드/서버개발웹개발유지보수API
https://www.saramin.co.kr/zf_user/jobs/relay/view?isMypage=no&rec_idx=47396900,"특허데이터 분석(Python, 엑셀, PPT 활용) 직원 모집",서울강남구,데이터분석가데이터시각화특허분석데이터분석
https://www.saramin.co.kr/zf_user/jobs/relay/view?isMypage=no&rec_idx=47332138,Solution/SW 개발자 채용 - Java/Python(경력),서울강남구,웹개발프론트엔드S/WJava
https://www.saramin.co.kr/zf_user/jobs/relay/view?isMypage=no&rec_idx=47369997,"프로그래밍(JAVA, Python) / 디자인 / OA / 회계 분야 강사 채용",충북청주시 상당구,데이터분석가백엔드/서버개발앱개발웹개발
https://www.saramin.co.kr/zf_user/jobs/relay/view?isMypage=no&rec_idx=47328923,소프트웨어 개발 (Java&Python) 신입 및 경력 모집,서울강남구,앱개발웹개발알고리즘HTML
https://www.saramin.co.kr/zf_user/jobs/relay/view?isMypage=no&rec_idx=47496138,[여의도/본사] 현대카드 리스크관리팀채용/SQL/PYTHON,서울영등포구,데이터분석가SQL사무직문서작성
https://www.saramin.co.kr/zf_user/jobs/relay/view?isMypage=no&rec_idx=47263260,"Python/PHP개발자, 디자이너, 퍼블리셔, 기획자 신입/경력",서울강서구,딥러닝퍼블리셔클라우드API
https://www.saramin.co.kr/zf_user/jobs/relay/view?isMypage=no&rec_idx=47494945,[중고나라] 신입 백엔드(Python&Java) 개발자 채용,서울서초구,게임개발기술지원데이터분석가데이터엔지니어
https://www.saramin.co.kr/zf_user/jobs/relay/view?isMypage=no&rec_idx=47489494,[크레드잇] 백엔드Backend 개발자를 모십니다 (Django/Python),서울영등포구,백엔드/서버개발APIAWSDjango
https://www.saramin.co.kr/zf_user/jobs/relay/view?isMypage=no&rec_idx=47473059,"[병.의원 의료 DB]데이터 엔지니어 채용 (JAVA, Python, SQL)",서울강남구,데이터분석가데이터엔지니어백엔드/서버개발데이터라벨링
https://www.saramin.co.kr/zf_user/jobs/relay/view?isMypage=no&rec_idx=47378030,특허/상표 데이터 등 분석(Python) 및 사업 기획 모집,서울강남구,데이터분석가머신러닝빅데이터크롤링
https://www.saramin.co.kr/zf_user/jobs/relay/view?isMypage=no&rec_idx=47284051,python/Django 웹개발자 (신입/경력) 채용,서울송파구,웹개발모델링클라우드Django
https://www.saramin.co.kr/zf_user/jobs/relay/view?isMypage=no&rec_idx=47446357,AI/NLP 개발자(Python/JAVA)모집 (전문연구요원 병역특례가능),서울구로구,웹개발NLP(자연어처리)AI(인공지능).NET
https://www.saramin.co.kr/zf_user/jobs/relay/view?isMypage=no&rec_idx=47526735,파이썬(Python) 백엔드 개발자 모십니다,서울강남구,백엔드/서버개발앱개발프론트엔드Android
https://www.saramin.co.kr/zf_user/jobs/relay/view?isMypage=no&rec_idx=47428536,[안랩-제이슨] Python 파이썬 개발자 영입,서울마포구,데이터엔지니어빅데이터FlaskKeras
https://www.saramin.co.kr/zf_user/jobs/relay/view?isMypage=no&rec_idx=47492542,python 개발자,서울전체,백엔드/서버개발웹개발SE(시스템엔지니어)네트워크
https://www.saramin.co.kr/zf_user/jobs/relay/view?isMypage=no&rec_idx=47520120,"웹 개발자, Python 개발자 채용",강원춘천시,백엔드/서버개발앱개발웹개발프론트엔드
https://www.saramin.co.kr/zf_user/jobs/relay/view?isMypage=no&rec_idx=47396701,[코레이즈] Python (Flask) 웹 개발자 채용 (신입),서울성동구,백엔드/서버개발웹개발프론트엔드DBMS
https://www.saramin.co.kr/zf_user/jobs/relay/view?isMypage=no&rec_idx=47426149,미래를 함께할 Python 개발자 신입 사원 채용,경기안양시 동안구,웹개발DjangoOracleDBPostgreSQL
https://www.saramin.co.kr/zf_user/jobs/relay/view?isMypage=no&rec_idx=46894201,Python SW 설계,경기고양시,SE(시스템엔지니어)S/WC#Linux
https://www.saramin.co.kr/zf_user/jobs/relay/view?isMypage=no&rec_idx=46726552,"Data Engineer (Python, SQL)",서울전체,SE(시스템엔지니어)데이터마이닝데이터시각화빅데이터
https://www.saramin.co.kr/zf_user/jobs/relay/view?isMypage=no&rec_idx=47254400,"개발자(System Engineer, Python), 전문연구요원 모집 공고",대구달성군,SE(시스템엔지니어)솔루션인터페이스라즈베리파이
https://www.saramin.co.kr/zf_user/jobs/relay/view?isMypage=no&rec_idx=47471170,[재택근무] REACT · PHP · PYTHON 개발자 채용,서울양천구,백엔드/서버개발앱개발웹개발퍼블리셔
https://www.saramin.co.kr/zf_user/jobs/relay/view?isMypage=no&rec_idx=47336727,"광고솔루션 JAVA, Python 백앤드개발자 경력자 모집",서울서초구,백엔드/서버개발솔루션클라우드API
https://www.saramin.co.kr/zf_user/jobs/relay/view?isMypage=no&rec_idx=47428631,이커머스 솔루션 Python Backend 개발자,서울강남구,백엔드/서버개발웹개발프론트엔드SE(시스템엔지니어)
https://www.saramin.co.kr/zf_user/jobs/relay/view?isMypage=no&rec_idx=47337295,솔루션 S/W 개발자 모집(Python/Django),서울송파구,Git네트워크APIS/W
https://www.saramin.co.kr/zf_user/jobs/relay/view?isMypage=no&rec_idx=46604451,[파운트/핀테크] RA(로보어드바이저) 백엔드 개발자(Python),서울중구,백엔드/서버개발웹개발DBASE(시스템엔지니어)
https://www.saramin.co.kr/zf_user/jobs/relay/view?isMypage=no&rec_idx=47528921,백엔드 Python 개발자 신입/경력 채용,서울영등포구,백엔드/서버개발인프라APIRDBMS
https://www.saramin.co.kr/zf_user/jobs/relay/view?isMypage=no&rec_idx=47517995,[인텔리전스랩스] MLOps팀 백엔드 개발자 (Python/Go),경기성남시 분당구,백엔드/서버개발네트워크머신러닝알고리즘
https://www.saramin.co.kr/zf_user/jobs/relay/view?isMypage=no&rec_idx=47272460,차량용 Software Test 자동화 개발(Python) 및 검증,인천서구,RPAS/WR솔루션업체
https://www.saramin.co.kr/zf_user/jobs/relay/view?isMypage=no&rec_idx=42358916,"[패스오더] 백엔드 개발자 (Spring, Python, MSA) (병역특례/산업기능요원/보충역/전직)",서울강남구,백엔드/서버개발웹개발DBASE(시스템엔지니어)
https://www.saramin.co.kr/zf_user/jobs/relay/view?isMypage=no&rec_idx=47214301,마스코리아(주) Python 시스템 개발자 신입 및 경력사원 채용,서울강남구,IT컨설팅딥러닝MySQLPytorch
https://www.saramin.co.kr/zf_user/jobs/relay/view?isMypage=no&rec_idx=47444713,[인텔리전스랩스] 게임 이상탐지 백엔드 개발자 (Python),경기성남시 분당구,백엔드/서버개발네트워크솔루션알고리즘
https://www.saramin.co.kr/zf_user/jobs/relay/view?isMypage=no&rec_idx=41068534,"[패스오더] 백엔드 개발자(Spring, Python, MSA)",서울강남구,백엔드/서버개발웹개발SE(시스템엔지니어)인프라
https://www.saramin.co.kr/zf_user/jobs/relay/view?isMypage=no&rec_idx=47479696,[신입/경력] Java / Python / 풀스택 / 프론트엔드 개발자 모집,대전유성구,백엔드/서버개발앱개발웹개발웹마스터
https://www.saramin.co.kr/zf_user/jobs/relay/view?isMypage=no&rec_idx=47391766,"머신비전 개발자 , C/C++/C#, OpenCV, MIL, PYTHON, 딥러닝",경기용인시 기흥구,머신러닝빅데이터S/WAI(인공지능)
https://www.saramin.co.kr/zf_user/jobs/relay/view?isMypage=no&rec_idx=47463112,데이터분석/Python/JAVA/SAS 인재 채용,서울강남구,데이터분석가빅데이터클라우드Java
https://www.saramin.co.kr/zf_user/jobs/relay/view?isMypage=no&rec_idx=47426975,[코레이즈] Python (Flask) 웹 개발자 채용 (신입-보충역),서울성동구,백엔드/서버개발웹개발프론트엔드DBMS
https://www.saramin.co.kr/zf_user/jobs/relay/view?isMypage=no&rec_idx=47498837,"[(Java, Python) Back-End] 채용 모집",서울전체,백엔드/서버개발웹개발DBASE(시스템엔지니어)
https://www.saramin.co.kr/zf_user/jobs/relay/view?isMypage=no&rec_idx=47399667,백엔드 엔지니어 (Python) 채용,서울강남구,백엔드/서버개발RDBMSDockerGit
https://www.saramin.co.kr/zf_user/jobs/relay/view?isMypage=no&rec_idx=47396900,"특허데이터 분석(Python, 엑셀, PPT 활용) 직원 모집",서울강남구,데이터분석가데이터시각화특허분석데이터분석
https://www.saramin.co.kr/zf_user/jobs/relay/view?isMypage=no&rec_idx=47437901,Python 개발자 모집,서울강남구,백엔드/서버개발웹개발유지보수API
https://www.saramin.co.kr/zf_user/jobs/relay/view?isMypage=no&rec_idx=47396701,[코레이즈] Python (Flask) 웹 개발자 채용 (신입),서울성동구,백엔드/서버개발웹개발프론트엔드DBMS
https://www.saramin.co.kr/zf_user/jobs/relay/view?isMypage=no&rec_idx=47496138,[여의도/본사] 현대카드 리스크관리팀채용/SQL/PYTHON,서울영등포구,데이터분석가SQL사무직문서작성
https://www.saramin.co.kr/zf_user/jobs/relay/view?isMypage=no&rec_idx=47471170,[재택근무] REACT · PHP · PYTHON 개발자 채용,서울양천구,백엔드/서버개발앱개발웹개발퍼블리셔
https://www.saramin.co.kr/zf_user/jobs/relay/view?isMypage=no&rec_idx=47369997,"프로그래밍(JAVA, Python) / 디자인 / OA / 회계 분야 강사 채용",충북청주시 상당구,데이터분석가백엔드/서버개발앱개발웹개발
https://www.saramin.co.kr/zf_user/jobs/relay/view?isMypage=no&rec_idx=47328923,소프트웨어 개발 (Java&Python) 신입 및 경력 모집,서울강남구,앱개발웹개발알고리즘HTML
https://www.saramin.co.kr/zf_user/jobs/relay/view?isMypage=no&rec_idx=47479696,[신입/경력] Java / Python / 풀스택 / 프론트엔드 개발자 모집,대전유성구,백엔드/서버개발앱개발웹개발웹마스터
https://www.saramin.co.kr/zf_user/jobs/relay/view?isMypage=no&rec_idx=47263260,"Python/PHP개발자, 디자이너, 퍼블리셔, 기획자 신입/경력",서울강서구,딥러닝퍼블리셔클라우드API
https://www.saramin.co.kr/zf_user/jobs/relay/view?isMypage=no&rec_idx=47494945,[중고나라] 신입 백엔드(Python&Java) 개발자 채용,서울서초구,게임개발기술지원데이터분석가데이터엔지니어
https://www.saramin.co.kr/zf_user/jobs/relay/view?isMypage=no&rec_idx=47489494,[크레드잇] 백엔드Backend 개발자를 모십니다 (Django/Python),서울영등포구,백엔드/서버개발APIAWSDjango
https://www.saramin.co.kr/zf_user/jobs/relay/view?isMypage=no&rec_idx=47463112,데이터분석/Python/JAVA/SAS 인재 채용,서울강남구,데이터분석가빅데이터클라우드Java
https://www.saramin.co.kr/zf_user/jobs/relay/view?isMypage=no&rec_idx=47473059,"[병.의원 의료 DB]데이터 엔지니어 채용 (JAVA, Python, SQL)",서울강남구,데이터분석가데이터엔지니어백엔드/서버개발데이터라벨링
https://www.saramin.co.kr/zf_user/jobs/relay/view?isMypage=no&rec_idx=47492542,python 개발자,서울전체,백엔드/서버개발웹개발SE(시스템엔지니어)네트워크
https://www.saramin.co.kr/zf_user/jobs/relay/view?isMypage=no&rec_idx=47284051,python/Django 웹개발자 (신입/경력) 채용,서울송파구,웹개발모델링클라우드Django
https://www.saramin.co.kr/zf_user/jobs/relay/view?isMypage=no&rec_idx=47428536,[안랩-제이슨] Python 파이썬 개발자 영입,서울마포구,데이터엔지니어빅데이터FlaskKeras
https://www.saramin.co.kr/zf_user/jobs/relay/view?isMypage=no&rec_idx=42358916,"[패스오더] 백엔드 개발자 (Spring, Python, MSA) (병역특례/산업기능요원/보충역/전직)",서울강남구,백엔드/서버개발웹개발DBASE(시스템엔지니어)
https://www.saramin.co.kr/zf_user/jobs/relay/view?isMypage=no&rec_idx=47526735,파이썬(Python) 백엔드 개발자 모십니다,서울강남구,백엔드/서버개발앱개발프론트엔드Android
https://www.saramin.co.kr/zf_user/jobs/relay/view?isMypage=no&rec_idx=47428631,이커머스 솔루션 Python Backend 개발자,서울강남구,백엔드/서버개발웹개발프론트엔드SE(시스템엔지니어)
https://www.saramin.co.kr/zf_user/jobs/relay/view?isMypage=no&rec_idx=47444713,[인텔리전스랩스] 게임 이상탐지 백엔드 개발자 (Python),경기성남시 분당구,백엔드/서버개발네트워크솔루션알고리즘
https://www.saramin.co.kr/zf_user/jobs/relay/view?isMypage=no&rec_idx=47520120,"웹 개발자, Python 개발자 채용",강원춘천시,백엔드/서버개발앱개발웹개발프론트엔드
https://www.saramin.co.kr/zf_user/jobs/relay/view?isMypage=no&rec_idx=47426975,[코레이즈] Python (Flask) 웹 개발자 채용 (신입-보충역),서울성동구,백엔드/서버개발웹개발프론트엔드DBMS
https://www.saramin.co.kr/zf_user/jobs/relay/view?isMypage=no&rec_idx=47399667,백엔드 엔지니어 (Python) 채용,서울강남구,백엔드/서버개발RDBMSDockerGit
https://www.saramin.co.kr/zf_user/jobs/relay/view?isMypage=no&rec_idx=41068534,"[패스오더] 백엔드 개발자(Spring, Python, MSA)",서울강남구,백엔드/서버개발웹개발SE(시스템엔지니어)인프라
https://www.saramin.co.kr/zf_user/jobs/relay/view?isMypage=no&rec_idx=47214301,마스코리아(주) Python 시스템 개발자 신입 및 경력사원 채용,서울강남구,IT컨설팅딥러닝MySQLPytorch
https://www.saramin.co.kr/zf_user/jobs/relay/view?isMypage=no&rec_idx=47446357,AI/NLP 개발자(Python/JAVA)모집 (전문연구요원 병역특례가능),서울구로구,웹개발NLP(자연어처리)AI(인공지능).NET
https://www.saramin.co.kr/zf_user/jobs/relay/view?isMypage=no&rec_idx=47528921,백엔드 Python 개발자 신입/경력 채용,서울영등포구,백엔드/서버개발인프라APIRDBMS
https://www.saramin.co.kr/zf_user/jobs/relay/view?isMypage=no&rec_idx=47426149,미래를 함께할 Python 개발자 신입 사원 채용,경기안양시 동안구,웹개발DjangoOracleDBPostgreSQL
https://www.saramin.co.kr/zf_user/jobs/relay/view?isMypage=no&rec_idx=47254400,"개발자(System Engineer, Python), 전문연구요원 모집 공고",대구달성군,SE(시스템엔지니어)솔루션인터페이스라즈베리파이
https://www.saramin.co.kr/zf_user/jobs/relay/view?isMypage=no&rec_idx=47391766,"머신비전 개발자 , C/C++/C#, OpenCV, MIL, PYTHON, 딥러닝",경기용인시 기흥구,머신러닝빅데이터S/WAI(인공지능)
https://www.saramin.co.kr/zf_user/jobs/relay/view?isMypage=no&rec_idx=47332138,Solution/SW 개발자 채용 - Java/Python(경력),서울강남구,웹개발프론트엔드S/WJava
https://www.saramin.co.kr/zf_user/jobs/relay/view?isMypage=no&rec_idx=46894201,Python SW 설계,경기고양시,SE(시스템엔지니어)S/WC#Linux
https://www.saramin.co.kr/zf_user/jobs/relay/view?isMypage=no&rec_idx=47498837,"[(Java, Python) Back-End] 채용 모집",서울전체,백엔드/서버개발웹개발DBASE(시스템엔지니어)
https://www.saramin.co.kr/zf_user/jobs/relay/view?isMypage=no&rec_idx=47378030,특허/상표 데이터 등 분석(Python) 및 사업 기획 모집,서울강남구,데이터분석가머신러닝빅데이터크롤링
https://www.saramin.co.kr/zf_user/jobs/relay/view?isMypage=no&rec_idx=47336727,"광고솔루션 JAVA, Python 백앤드개발자 경력자 모집",서울서초구,백엔드/서버개발솔루션클라우드API
https://www.saramin.co.kr/zf_user/jobs/relay/view?isMypage=no&rec_idx=47337295,솔루션 S/W 개발자 모집(Python/Django),서울송파구,Git네트워크APIS/W
https://www.saramin.co.kr/zf_user/jobs/relay/view?isMypage=no&rec_idx=47517995,[인텔리전스랩스] MLOps팀 백엔드 개발자 (Python/Go),경기성남시 분당구,백엔드/서버개발네트워크머신러닝알고리즘
https://www.saramin.co.kr/zf_user/jobs/relay/view?isMypage=no&rec_idx=46726552,"Data Engineer (Python, SQL)",서울전체,SE(시스템엔지니어)데이터마이닝데이터시각화빅데이터
https://www.saramin.co.kr/zf_user/jobs/relay/view?isMypage=no&rec_idx=46604451,[파운트/핀테크] RA(로보어드바이저) 백엔드 개발자(Python),서울중구,백엔드/서버개발웹개발DBASE(시스템엔지니어)
https://www.saramin.co.kr/zf_user/jobs/relay/view?isMypage=no&rec_idx=47272460,차량용 Software Test 자동화 개발(Python) 및 검증,인천서구,RPAS/WR솔루션업체
https://www.saramin.co.kr/zf_user/jobs/relay/view?isMypage=no&rec_idx=46726552,"Data Engineer (Python, SQL)",서울전체,SE(시스템엔지니어)데이터마이닝데이터시각화빅데이터
https://www.saramin.co.kr/zf_user/jobs/relay/view?isMypage=no&rec_idx=47437901,Python 개발자 모집,서울강남구,백엔드/서버개발웹개발유지보수API
https://www.saramin.co.kr/zf_user/jobs/relay/view?isMypage=no&rec_idx=47263260,"Python/PHP개발자, 디자이너, 퍼블리셔, 기획자 신입/경력",서울강서구,딥러닝퍼블리셔클라우드API
https://www.saramin.co.kr/zf_user/jobs/relay/view?isMypage=no&rec_idx=47328923,소프트웨어 개발 (Java&Python) 신입 및 경력 모집,서울강남구,앱개발웹개발알고리즘HTML
https://www.saramin.co.kr/zf_user/jobs/relay/view?isMypage=no&rec_idx=47498837,"[(Java, Python) Back-End] 채용 모집",서울전체,백엔드/서버개발웹개발DBASE(시스템엔지니어)
https://www.saramin.co.kr/zf_user/jobs/relay/view?isMypage=no&rec_idx=47517995,[인텔리전스랩스] MLOps팀 백엔드 개발자 (Python/Go),경기성남시 분당구,백엔드/서버개발네트워크머신러닝알고리즘
https://www.saramin.co.kr/zf_user/jobs/relay/view?isMypage=no&rec_idx=47426975,[코레이즈] Python (Flask) 웹 개발자 채용 (신입-보충역),서울성동구,백엔드/서버개발웹개발프론트엔드DBMS
https://www.saramin.co.kr/zf_user/jobs/relay/view?isMypage=no&rec_idx=47494945,[중고나라] 신입 백엔드(Python&Java) 개발자 채용,서울서초구,게임개발기술지원데이터분석가데이터엔지니어
https://www.saramin.co.kr/zf_user/jobs/relay/view?isMypage=no&rec_idx=47473059,"[병.의원 의료 DB]데이터 엔지니어 채용 (JAVA, Python, SQL)",서울강남구,데이터분석가데이터엔지니어백엔드/서버개발데이터라벨링
https://www.saramin.co.kr/zf_user/jobs/relay/view?isMypage=no&rec_idx=46894201,Python SW 설계,경기고양시,SE(시스템엔지니어)S/WC#Linux
https://www.saramin.co.kr/zf_user/jobs/relay/view?isMypage=no&rec_idx=47378030,특허/상표 데이터 등 분석(Python) 및 사업 기획 모집,서울강남구,데이터분석가머신러닝빅데이터크롤링
https://www.saramin.co.kr/zf_user/jobs/relay/view?isMypage=no&rec_idx=47399667,백엔드 엔지니어 (Python) 채용,서울강남구,백엔드/서버개발RDBMSDockerGit
https://www.saramin.co.kr/zf_user/jobs/relay/view?isMypage=no&rec_idx=47526735,파이썬(Python) 백엔드 개발자 모십니다,서울강남구,백엔드/서버개발앱개발프론트엔드Android
https://www.saramin.co.kr/zf_user/jobs/relay/view?isMypage=no&rec_idx=47336727,"광고솔루션 JAVA, Python 백앤드개발자 경력자 모집",서울서초구,백엔드/서버개발솔루션클라우드API
https://www.saramin.co.kr/zf_user/jobs/relay/view?isMypage=no&rec_idx=47479696,[신입/경력] Java / Python / 풀스택 / 프론트엔드 개발자 모집,대전유성구,백엔드/서버개발앱개발웹개발웹마스터
https://www.saramin.co.kr/zf_user/jobs/relay/view?isMypage=no&rec_idx=41068534,"[패스오더] 백엔드 개발자(Spring, Python, MSA)",서울강남구,백엔드/서버개발웹개발SE(시스템엔지니어)인프라
https://www.saramin.co.kr/zf_user/jobs/relay/view?isMypage=no&rec_idx=47520120,"웹 개발자, Python 개발자 채용",강원춘천시,백엔드/서버개발앱개발웹개발프론트엔드
https://www.saramin.co.kr/zf_user/jobs/relay/view?isMypage=no&rec_idx=47463112,데이터분석/Python/JAVA/SAS 인재 채용,서울강남구,데이터분석가빅데이터클라우드Java
https://www.saramin.co.kr/zf_user/jobs/relay/view?isMypage=no&rec_idx=46604451,[파운트/핀테크] RA(로보어드바이저) 백엔드 개발자(Python),서울중구,백엔드/서버개발웹개발DBASE(시스템엔지니어)
https://www.saramin.co.kr/zf_user/jobs/relay/view?isMypage=no&rec_idx=42358916,"[패스오더] 백엔드 개발자 (Spring, Python, MSA) (병역특례/산업기능요원/보충역/전직)",서울강남구,백엔드/서버개발웹개발DBASE(시스템엔지니어)
https://www.saramin.co.kr/zf_user/jobs/relay/view?isMypage=no&rec_idx=47284051,python/Django 웹개발자 (신입/경력) 채용,서울송파구,웹개발모델링클라우드Django
https://www.saramin.co.kr/zf_user/jobs/relay/view?isMypage=no&rec_idx=47214301,마스코리아(주) Python 시스템 개발자 신입 및 경력사원 채용,서울강남구,IT컨설팅딥러닝MySQLPytorch
https://www.saramin.co.kr/zf_user/jobs/relay/view?isMypage=no&rec_idx=47396900,"특허데이터 분석(Python, 엑셀, PPT 활용) 직원 모집",서울강남구,데이터분석가데이터시각화특허분석데이터분석
https://www.saramin.co.kr/zf_user/jobs/relay/view?isMypage=no&rec_idx=47272460,차량용 Software Test 자동화 개발(Python) 및 검증,인천서구,RPAS/WR솔루션업체
https://www.saramin.co.kr/zf_user/jobs/relay/view?isMypage=no&rec_idx=47337295,솔루션 S/W 개발자 모집(Python/Django),서울송파구,Git네트워크APIS/W
https://www.saramin.co.kr/zf_user/jobs/relay/view?isMypage=no&rec_idx=47391766,"머신비전 개발자 , C/C++/C#, OpenCV, MIL, PYTHON, 딥러닝",경기용인시 기흥구,머신러닝빅데이터S/WAI(인공지능)
https://www.saramin.co.kr/zf_user/jobs/relay/view?isMypage=no&rec_idx=47446357,AI/NLP 개발자(Python/JAVA)모집 (전문연구요원 병역특례가능),서울구로구,웹개발NLP(자연어처리)AI(인공지능).NET
https://www.saramin.co.kr/zf_user/jobs/relay/view?isMypage=no&rec_idx=47254400,"개발자(System Engineer, Python), 전문연구요원 모집 공고",대구달성군,SE(시스템엔지니어)솔루션인터페이스라즈베리파이
https://www.saramin.co.kr/zf_user/jobs/relay/view?isMypage=no&rec_idx=47496138,[여의도/본사] 현대카드 리스크관리팀채용/SQL/PYTHON,서울영등포구,데이터분석가SQL사무직문서작성
https://www.saramin.co.kr/zf_user/jobs/relay/view?isMypage=no&rec_idx=47489494,[크레드잇] 백엔드Backend 개발자를 모십니다 (Django/Python),서울영등포구,백엔드/서버개발APIAWSDjango
https://www.saramin.co.kr/zf_user/jobs/relay/view?isMypage=no&rec_idx=47369997,"프로그래밍(JAVA, Python) / 디자인 / OA / 회계 분야 강사 채용",충북청주시 상당구,데이터분석가백엔드/서버개발앱개발웹개발
https://www.saramin.co.kr/zf_user/jobs/relay/view?isMypage=no&rec_idx=47428536,[안랩-제이슨] Python 파이썬 개발자 영입,서울마포구,데이터엔지니어빅데이터FlaskKeras
https://www.saramin.co.kr/zf_user/jobs/relay/view?isMypage=no&rec_idx=47332138,Solution/SW 개발자 채용 - Java/Python(경력),서울강남구,웹개발프론트엔드S/WJava
https://www.saramin.co.kr/zf_user/jobs/relay/view?isMypage=no&rec_idx=47444713,[인텔리전스랩스] 게임 이상탐지 백엔드 개발자 (Python),경기성남시 분당구,백엔드/서버개발네트워크솔루션알고리즘
https://www.saramin.co.kr/zf_user/jobs/relay/view?isMypage=no&rec_idx=47471170,[재택근무] REACT · PHP · PYTHON 개발자 채용,서울양천구,백엔드/서버개발앱개발웹개발퍼블리셔
https://www.saramin.co.kr/zf_user/jobs/relay/view?isMypage=no&rec_idx=47426149,미래를 함께할 Python 개발자 신입 사원 채용,경기안양시 동안구,웹개발DjangoOracleDBPostgreSQL
https://www.saramin.co.kr/zf_user/jobs/relay/view?isMypage=no&rec_idx=47492542,python 개발자,서울전체,백엔드/서버개발웹개발SE(시스템엔지니어)네트워크
https://www.saramin.co.kr/zf_user/jobs/relay/view?isMypage=no&rec_idx=47528921,백엔드 Python 개발자 신입/경력 채용,서울영등포구,백엔드/서버개발인프라APIRDBMS
https://www.saramin.co.kr/zf_user/jobs/relay/view?isMypage=no&rec_idx=47428631,이커머스 솔루션 Python Backend 개발자,서울강남구,백엔드/서버개발웹개발프론트엔드SE(시스템엔지니어)
https://www.saramin.co.kr/zf_user/jobs/relay/view?isMypage=no&rec_idx=47396701,[코레이즈] Python (Flask) 웹 개발자 채용 (신입),서울성동구,백엔드/서버개발웹개발프론트엔드DBMS
https://www.saramin.co.kr/zf_user/jobs/relay/view?isMypage=no&rec_idx=47396900,"특허데이터 분석(Python, 엑셀, PPT 활용) 직원 모집",서울강남구,데이터분석가데이터시각화특허분석데이터분석
https://www.saramin.co.kr/zf_user/jobs/relay/view?isMypage=no&rec_idx=47437901,Python 개발자 모집,서울강남구,백엔드/서버개발웹개발유지보수API
https://www.saramin.co.kr/zf_user/jobs/relay/view?isMypage=no&rec_idx=47328923,소프트웨어 개발 (Java&Python) 신입 및 경력 모집,서울강남구,앱개발웹개발알고리즘HTML
https://www.saramin.co.kr/zf_user/jobs/relay/view?isMypage=no&rec_idx=47496138,[여의도/본사] 현대카드 리스크관리팀채용/SQL/PYTHON,서울영등포구,데이터분석가SQL사무직문서작성
https://www.saramin.co.kr/zf_user/jobs/relay/view?isMypage=no&rec_idx=47494945,[중고나라] 신입 백엔드(Python&Java) 개발자 채용,서울서초구,게임개발기술지원데이터분석가데이터엔지니어
https://www.saramin.co.kr/zf_user/jobs/relay/view?isMypage=no&rec_idx=47489494,[크레드잇] 백엔드Backend 개발자를 모십니다 (Django/Python),서울영등포구,백엔드/서버개발APIAWSDjango
https://www.saramin.co.kr/zf_user/jobs/relay/view?isMypage=no&rec_idx=47378030,특허/상표 데이터 등 분석(Python) 및 사업 기획 모집,서울강남구,데이터분석가머신러닝빅데이터크롤링
https://www.saramin.co.kr/zf_user/jobs/relay/view?isMypage=no&rec_idx=47263260,"Python/PHP개발자, 디자이너, 퍼블리셔, 기획자 신입/경력",서울강서구,딥러닝퍼블리셔클라우드API
https://www.saramin.co.kr/zf_user/jobs/relay/view?isMypage=no&rec_idx=47446357,AI/NLP 개발자(Python/JAVA)모집 (전문연구요원 병역특례가능),서울구로구,웹개발NLP(자연어처리)AI(인공지능).NET
https://www.saramin.co.kr/zf_user/jobs/relay/view?isMypage=no&rec_idx=47473059,"[병.의원 의료 DB]데이터 엔지니어 채용 (JAVA, Python, SQL)",서울강남구,데이터분석가데이터엔지니어백엔드/서버개발데이터라벨링
https://www.saramin.co.kr/zf_user/jobs/relay/view?isMypage=no&rec_idx=47492542,python 개발자,서울전체,백엔드/서버개발웹개발SE(시스템엔지니어)네트워크
https://www.saramin.co.kr/zf_user/jobs/relay/view?isMypage=no&rec_idx=47526735,파이썬(Python) 백엔드 개발자 모십니다,서울강남구,백엔드/서버개발앱개발프론트엔드Android
https://www.saramin.co.kr/zf_user/jobs/relay/view?isMypage=no&rec_idx=47396701,[코레이즈] Python (Flask) 웹 개발자 채용 (신입),서울성동구,백엔드/서버개발웹개발프론트엔드DBMS
https://www.saramin.co.kr/zf_user/jobs/relay/view?isMypage=no&rec_idx=47520120,"웹 개발자, Python 개발자 채용",강원춘천시,백엔드/서버개발앱개발웹개발프론트엔드
https://www.saramin.co.kr/zf_user/jobs/relay/view?isMypage=no&rec_idx=42358916,"[패스오더] 백엔드 개발자 (Spring, Python, MSA) (병역특례/산업기능요원/보충역/전직)",서울강남구,백엔드/서버개발웹개발DBASE(시스템엔지니어)
https://www.saramin.co.kr/zf_user/jobs/relay/view?isMypage=no&rec_idx=47214301,마스코리아(주) Python 시스템 개발자 신입 및 경력사원 채용,서울강남구,IT컨설팅딥러닝MySQLPytorch
https://www.saramin.co.kr/zf_user/jobs/relay/view?isMypage=no&rec_idx=47528921,백엔드 Python 개발자 신입/경력 채용,서울영등포구,백엔드/서버개발인프라APIRDBMS
https://www.saramin.co.kr/zf_user/jobs/relay/view?isMypage=no&rec_idx=47369997,"프로그래밍(JAVA, Python) / 디자인 / OA / 회계 분야 강사 채용",충북청주시 상당구,데이터분석가백엔드/서버개발앱개발웹개발
https://www.saramin.co.kr/zf_user/jobs/relay/view?isMypage=no&rec_idx=47391766,"머신비전 개발자 , C/C++/C#, OpenCV, MIL, PYTHON, 딥러닝",경기용인시 기흥구,머신러닝빅데이터S/WAI(인공지능)
https://www.saramin.co.kr/zf_user/jobs/relay/view?isMypage=no&rec_idx=47463112,데이터분석/Python/JAVA/SAS 인재 채용,서울강남구,데이터분석가빅데이터클라우드Java
https://www.saramin.co.kr/zf_user/jobs/relay/view?isMypage=no&rec_idx=47444713,[인텔리전스랩스] 게임 이상탐지 백엔드 개발자 (Python),경기성남시 분당구,백엔드/서버개발네트워크솔루션알고리즘
https://www.saramin.co.kr/zf_user/jobs/relay/view?isMypage=no&rec_idx=47498837,"[(Java, Python) Back-End] 채용 모집",서울전체,백엔드/서버개발웹개발DBASE(시스템엔지니어)
https://www.saramin.co.kr/zf_user/jobs/relay/view?isMypage=no&rec_idx=47471170,[재택근무] REACT · PHP · PYTHON 개발자 채용,서울양천구,백엔드/서버개발앱개발웹개발퍼블리셔
https://www.saramin.co.kr/zf_user/jobs/relay/view?isMypage=no&rec_idx=47517995,[인텔리전스랩스] MLOps팀 백엔드 개발자 (Python/Go),경기성남시 분당구,백엔드/서버개발네트워크머신러닝알고리즘
https://www.saramin.co.kr/zf_user/jobs/relay/view?isMypage=no&rec_idx=46726552,"Data Engineer (Python, SQL)",서울전체,SE(시스템엔지니어)데이터마이닝데이터시각화빅데이터
https://www.saramin.co.kr/zf_user/jobs/relay/view?isMypage=no&rec_idx=47479696,[신입/경력] Java / Python / 풀스택 / 프론트엔드 개발자 모집,대전유성구,백엔드/서버개발앱개발웹개발웹마스터
https://www.saramin.co.kr/zf_user/jobs/relay/view?isMypage=no&rec_idx=47428631,이커머스 솔루션 Python Backend 개발자,서울강남구,백엔드/서버개발웹개발프론트엔드SE(시스템엔지니어)
https://www.saramin.co.kr/zf_user/jobs/relay/view?isMypage=no&rec_idx=46894201,Python SW 설계,경기고양시,SE(시스템엔지니어)S/WC#Linux
https://www.saramin.co.kr/zf_user/jobs/relay/view?isMypage=no&rec_idx=47336727,"광고솔루션 JAVA, Python 백앤드개발자 경력자 모집",서울서초구,백엔드/서버개발솔루션클라우드API
https://www.saramin.co.kr/zf_user/jobs/relay/view?isMypage=no&rec_idx=47428536,[안랩-제이슨] Python 파이썬 개발자 영입,서울마포구,데이터엔지니어빅데이터FlaskKeras
https://www.saramin.co.kr/zf_user/jobs/relay/view?isMypage=no&rec_idx=46604451,[파운트/핀테크] RA(로보어드바이저) 백엔드 개발자(Python),서울중구,백엔드/서버개발웹개발DBASE(시스템엔지니어)
https://www.saramin.co.kr/zf_user/jobs/relay/view?isMypage=no&rec_idx=47399667,백엔드 엔지니어 (Python) 채용,서울강남구,백엔드/서버개발RDBMSDockerGit
https://www.saramin.co.kr/zf_user/jobs/relay/view?isMypage=no&rec_idx=47272460,차량용 Software Test 자동화 개발(Python) 및 검증,인천서구,RPAS/WR솔루션업체
https://www.saramin.co.kr/zf_user/jobs/relay/view?isMypage=no&rec_idx=41068534,"[패스오더] 백엔드 개발자(Spring, Python, MSA)",서울강남구,백엔드/서버개발웹개발SE(시스템엔지니어)인프라
https://www.saramin.co.kr/zf_user/jobs/relay/view?isMypage=no&rec_idx=47426975,[코레이즈] Python (Flask) 웹 개발자 채용 (신입-보충역),서울성동구,백엔드/서버개발웹개발프론트엔드DBMS
https://www.saramin.co.kr/zf_user/jobs/relay/view?isMypage=no&rec_idx=47284051,python/Django 웹개발자 (신입/경력) 채용,서울송파구,웹개발모델링클라우드Django
https://www.saramin.co.kr/zf_user/jobs/relay/view?isMypage=no&rec_idx=47426149,미래를 함께할 Python 개발자 신입 사원 채용,경기안양시 동안구,웹개발DjangoOracleDBPostgreSQL
https://www.saramin.co.kr/zf_user/jobs/relay/view?isMypage=no&rec_idx=47254400,"개발자(System Engineer, Python), 전문연구요원 모집 공고",대구달성군,SE(시스템엔지니어)솔루션인터페이스라즈베리파이
https://www.saramin.co.kr/zf_user/jobs/relay/view?isMypage=no&rec_idx=47332138,Solution/SW 개발자 채용 - Java/Python(경력),서울강남구,웹개발프론트엔드S/WJava
https://www.saramin.co.kr/zf_user/jobs/relay/view?isMypage=no&rec_idx=47337295,솔루션 S/W 개발자 모집(Python/Django),서울송파구,Git네트워크APIS/W
https://www.saramin.co.kr/zf_user/jobs/relay/view?isMypage=no&rec_idx=47437901,Python 개발자 모집,서울강남구,백엔드/서버개발웹개발유지보수API
https://www.saramin.co.kr/zf_user/jobs/relay/view?isMypage=no&rec_idx=47328923,소프트웨어 개발 (Java&Python) 신입 및 경력 모집,서울강남구,앱개발웹개발알고리즘HTML
https://www.saramin.co.kr/zf_user/jobs/relay/view?isMypage=no&rec_idx=47494945,[중고나라] 신입 백엔드(Python&Java) 개발자 채용,서울서초구,게임개발기술지원데이터분석가데이터엔지니어
https://www.saramin.co.kr/zf_user/jobs/relay/view?isMypage=no&rec_idx=47378030,특허/상표 데이터 등 분석(Python) 및 사업 기획 모집,서울강남구,데이터분석가머신러닝빅데이터크롤링
https://www.saramin.co.kr/zf_user/jobs/relay/view?isMypage=no&rec_idx=47446357,AI/NLP 개발자(Python/JAVA)모집 (전문연구요원 병역특례가능),서울구로구,웹개발NLP(자연어처리)AI(인공지능).NET
https://www.saramin.co.kr/zf_user/jobs/relay/view?isMypage=no&rec_idx=47492542,python 개발자,서울전체,백엔드/서버개발웹개발SE(시스템엔지니어)네트워크
https://www.saramin.co.kr/zf_user/jobs/relay/view?isMypage=no&rec_idx=47396701,[코레이즈] Python (Flask) 웹 개발자 채용 (신입),서울성동구,백엔드/서버개발웹개발프론트엔드DBMS
https://www.saramin.co.kr/zf_user/jobs/relay/view?isMypage=no&rec_idx=47471170,[재택근무] REACT · PHP · PYTHON 개발자 채용,서울양천구,백엔드/서버개발앱개발웹개발퍼블리셔
https://www.saramin.co.kr/zf_user/jobs/relay/view?isMypage=no&rec_idx=47426149,미래를 함께할 Python 개발자 신입 사원 채용,경기안양시 동안구,웹개발DjangoOracleDBPostgreSQL
https://www.saramin.co.kr/zf_user/jobs/relay/view?isMypage=no&rec_idx=47254400,"개발자(System Engineer, Python), 전문연구요원 모집 공고",대구달성군,SE(시스템엔지니어)솔루션인터페이스라즈베리파이
https://www.saramin.co.kr/zf_user/jobs/relay/view?isMypage=no&rec_idx=47428631,이커머스 솔루션 Python Backend 개발자,서울강남구,백엔드/서버개발웹개발프론트엔드SE(시스템엔지니어)
https://www.saramin.co.kr/zf_user/jobs/relay/view?isMypage=no&rec_idx=47391766,"머신비전 개발자 , C/C++/C#, OpenCV, MIL, PYTHON, 딥러닝",경기용인시 기흥구,머신러닝빅데이터S/WAI(인공지능)
https://www.saramin.co.kr/zf_user/jobs/relay/view?isMypage=no&rec_idx=47528921,백엔드 Python 개발자 신입/경력 채용,서울영등포구,백엔드/서버개발인프라APIRDBMS
https://www.saramin.co.kr/zf_user/jobs/relay/view?isMypage=no&rec_idx=47336727,"광고솔루션 JAVA, Python 백앤드개발자 경력자 모집",서울서초구,백엔드/서버개발솔루션클라우드API
https://www.saramin.co.kr/zf_user/jobs/relay/view?isMypage=no&rec_idx=47214301,마스코리아(주) Python 시스템 개발자 신입 및 경력사원 채용,서울강남구,IT컨설팅딥러닝MySQLPytorch
https://www.saramin.co.kr/zf_user/jobs/relay/view?isMypage=no&rec_idx=46894201,Python SW 설계,경기고양시,SE(시스템엔지니어)S/WC#Linux
https://www.saramin.co.kr/zf_user/jobs/relay/view?isMypage=no&rec_idx=42358916,"[패스오더] 백엔드 개발자 (Spring, Python, MSA) (병역특례/산업기능요원/보충역/전직)",서울강남구,백엔드/서버개발웹개발DBASE(시스템엔지니어)
https://www.saramin.co.kr/zf_user/jobs/relay/view?isMypage=no&rec_idx=47479696,[신입/경력] Java / Python / 풀스택 / 프론트엔드 개발자 모집,대전유성구,백엔드/서버개발앱개발웹개발웹마스터
https://www.saramin.co.kr/zf_user/jobs/relay/view?isMypage=no&rec_idx=46604451,[파운트/핀테크] RA(로보어드바이저) 백엔드 개발자(Python),서울중구,백엔드/서버개발웹개발DBASE(시스템엔지니어)
https://www.saramin.co.kr/zf_user/jobs/relay/view?isMypage=no&rec_idx=47498837,"[(Java, Python) Back-End] 채용 모집",서울전체,백엔드/서버개발웹개발DBASE(시스템엔지니어)
https://www.saramin.co.kr/zf_user/jobs/relay/view?isMypage=no&rec_idx=47337295,솔루션 S/W 개발자 모집(Python/Django),서울송파구,Git네트워크APIS/W
https://www.saramin.co.kr/zf_user/jobs/relay/view?isMypage=no&rec_idx=47463112,데이터분석/Python/JAVA/SAS 인재 채용,서울강남구,데이터분석가빅데이터클라우드Java
https://www.saramin.co.kr/zf_user/jobs/relay/view?isMypage=no&rec_idx=47332138,Solution/SW 개발자 채용 - Java/Python(경력),서울강남구,웹개발프론트엔드S/WJava
https://www.saramin.co.kr/zf_user/jobs/relay/view?isMypage=no&rec_idx=47517995,[인텔리전스랩스] MLOps팀 백엔드 개발자 (Python/Go),경기성남시 분당구,백엔드/서버개발네트워크머신러닝알고리즘
https://www.saramin.co.kr/zf_user/jobs/relay/view?isMypage=no&rec_idx=47396900,"특허데이터 분석(Python, 엑셀, PPT 활용) 직원 모집",서울강남구,데이터분석가데이터시각화특허분석데이터분석
https://www.saramin.co.kr/zf_user/jobs/relay/view?isMypage=no&rec_idx=47369997,"프로그래밍(JAVA, Python) / 디자인 / OA / 회계 분야 강사 채용",충북청주시 상당구,데이터분석가백엔드/서버개발앱개발웹개발
https://www.saramin.co.kr/zf_user/jobs/relay/view?isMypage=no&rec_idx=47426975,[코레이즈] Python (Flask) 웹 개발자 채용 (신입-보충역),서울성동구,백엔드/서버개발웹개발프론트엔드DBMS
https://www.saramin.co.kr/zf_user/jobs/relay/view?isMypage=no&rec_idx=47489494,[크레드잇] 백엔드Backend 개발자를 모십니다 (Django/Python),서울영등포구,백엔드/서버개발APIAWSDjango
https://www.saramin.co.kr/zf_user/jobs/relay/view?isMypage=no&rec_idx=47399667,백엔드 엔지니어 (Python) 채용,서울강남구,백엔드/서버개발RDBMSDockerGit
https://www.saramin.co.kr/zf_user/jobs/relay/view?isMypage=no&rec_idx=47263260,"Python/PHP개발자, 디자이너, 퍼블리셔, 기획자 신입/경력",서울강서구,딥러닝퍼블리셔클라우드API
https://www.saramin.co.kr/zf_user/jobs/relay/view?isMypage=no&rec_idx=47444713,[인텔리전스랩스] 게임 이상탐지 백엔드 개발자 (Python),경기성남시 분당구,백엔드/서버개발네트워크솔루션알고리즘
https://www.saramin.co.kr/zf_user/jobs/relay/view?isMypage=no&rec_idx=46726552,"Data Engineer (Python, SQL)",서울전체,SE(시스템엔지니어)데이터마이닝데이터시각화빅데이터
https://www.saramin.co.kr/zf_user/jobs/relay/view?isMypage=no&rec_idx=47496138,[여의도/본사] 현대카드 리스크관리팀채용/SQL/PYTHON,서울영등포구,데이터분석가SQL사무직문서작성
https://www.saramin.co.kr/zf_user/jobs/relay/view?isMypage=no&rec_idx=41068534,"[패스오더] 백엔드 개발자(Spring, Python, MSA)",서울강남구,백엔드/서버개발웹개발SE(시스템엔지니어)인프라
https://www.saramin.co.kr/zf_user/jobs/relay/view?isMypage=no&rec_idx=47284051,python/Django 웹개발자 (신입/경력) 채용,서울송파구,웹개발모델링클라우드Django
https://www.saramin.co.kr/zf_user/jobs/relay/view?isMypage=no&rec_idx=47473059,"[병.의원 의료 DB]데이터 엔지니어 채용 (JAVA, Python, SQL)",서울강남구,데이터분석가데이터엔지니어백엔드/서버개발데이터라벨링
https://www.saramin.co.kr/zf_user/jobs/relay/view?isMypage=no&rec_idx=47520120,"웹 개발자, Python 개발자 채용",강원춘천시,백엔드/서버개발앱개발웹개발프론트엔드
https://www.saramin.co.kr/zf_user/jobs/relay/view?isMypage=no&rec_idx=47272460,차량용 Software Test 자동화 개발(Python) 및 검증,인천서구,RPAS/WR솔루션업체
https://www.saramin.co.kr/zf_user/jobs/relay/view?isMypage=no&rec_idx=47428536,[안랩-제이슨] Python 파이썬 개발자 영입,서울마포구,데이터엔지니어빅데이터FlaskKeras
https://www.saramin.co.kr/zf_user/jobs/relay/view?isMypage=no&rec_idx=47526735,파이썬(Python) 백엔드 개발자 모십니다,서울강남구,백엔드/서버개발앱개발프론트엔드Android
https://www.saramin.co.kr/zf_user/jobs/relay/view?isMypage=no&rec_idx=47437901,Python 개발자 모집,서울강남구,백엔드/서버개발웹개발유지보수API
https://www.saramin.co.kr/zf_user/jobs/relay/view?isMypage=no&rec_idx=47471170,[재택근무] REACT · PHP · PYTHON 개발자 채용,서울양천구,백엔드/서버개발앱개발웹개발퍼블리셔
https://www.saramin.co.kr/zf_user/jobs/relay/view?isMypage=no&rec_idx=42358916,"[패스오더] 백엔드 개발자 (Spring, Python, MSA) (병역특례/산업기능요원/보충역/전직)",서울강남구,백엔드/서버개발웹개발DBASE(시스템엔지니어)
https://www.saramin.co.kr/zf_user/jobs/relay/view?isMypage=no&rec_idx=47489494,[크레드잇] 백엔드Backend 개발자를 모십니다 (Django/Python),서울영등포구,백엔드/서버개발APIAWSDjango
https://www.saramin.co.kr/zf_user/jobs/relay/view?isMypage=no&rec_idx=47496138,[여의도/본사] 현대카드 리스크관리팀채용/SQL/PYTHON,서울영등포구,데이터분석가SQL사무직문서작성
https://www.saramin.co.kr/zf_user/jobs/relay/view?isMypage=no&rec_idx=47328923,소프트웨어 개발 (Java&Python) 신입 및 경력 모집,서울강남구,앱개발웹개발알고리즘HTML
https://www.saramin.co.kr/zf_user/jobs/relay/view?isMypage=no&rec_idx=47428631,이커머스 솔루션 Python Backend 개발자,서울강남구,백엔드/서버개발웹개발프론트엔드SE(시스템엔지니어)
https://www.saramin.co.kr/zf_user/jobs/relay/view?isMypage=no&rec_idx=47263260,"Python/PHP개발자, 디자이너, 퍼블리셔, 기획자 신입/경력",서울강서구,딥러닝퍼블리셔클라우드API
https://www.saramin.co.kr/zf_user/jobs/relay/view?isMypage=no&rec_idx=47492542,python 개발자,서울전체,백엔드/서버개발웹개발SE(시스템엔지니어)네트워크
https://www.saramin.co.kr/zf_user/jobs/relay/view?isMypage=no&rec_idx=47528921,백엔드 Python 개발자 신입/경력 채용,서울영등포구,백엔드/서버개발인프라APIRDBMS
https://www.saramin.co.kr/zf_user/jobs/relay/view?isMypage=no&rec_idx=47446357,AI/NLP 개발자(Python/JAVA)모집 (전문연구요원 병역특례가능),서울구로구,웹개발NLP(자연어처리)AI(인공지능).NET
https://www.saramin.co.kr/zf_user/jobs/relay/view?isMypage=no&rec_idx=47479696,[신입/경력] Java / Python / 풀스택 / 프론트엔드 개발자 모집,대전유성구,백엔드/서버개발앱개발웹개발웹마스터
https://www.saramin.co.kr/zf_user/jobs/relay/view?isMypage=no&rec_idx=47463112,데이터분석/Python/JAVA/SAS 인재 채용,서울강남구,데이터분석가빅데이터클라우드Java
https://www.saramin.co.kr/zf_user/jobs/relay/view?isMypage=no&rec_idx=47284051,python/Django 웹개발자 (신입/경력) 채용,서울송파구,웹개발모델링클라우드Django
https://www.saramin.co.kr/zf_user/jobs/relay/view?isMypage=no&rec_idx=47473059,"[병.의원 의료 DB]데이터 엔지니어 채용 (JAVA, Python, SQL)",서울강남구,데이터분석가데이터엔지니어백엔드/서버개발데이터라벨링
https://www.saramin.co.kr/zf_user/jobs/relay/view?isMypage=no&rec_idx=47396701,[코레이즈] Python (Flask) 웹 개발자 채용 (신입),서울성동구,백엔드/서버개발웹개발프론트엔드DBMS
https://www.saramin.co.kr/zf_user/jobs/relay/view?isMypage=no&rec_idx=47396900,"특허데이터 분석(Python, 엑셀, PPT 활용) 직원 모집",서울강남구,데이터분석가데이터시각화특허분석데이터분석
https://www.saramin.co.kr/zf_user/jobs/relay/view?isMypage=no&rec_idx=47498837,"[(Java, Python) Back-End] 채용 모집",서울전체,백엔드/서버개발웹개발DBASE(시스템엔지니어)
https://www.saramin.co.kr/zf_user/jobs/relay/view?isMypage=no&rec_idx=47369997,"프로그래밍(JAVA, Python) / 디자인 / OA / 회계 분야 강사 채용",충북청주시 상당구,데이터분석가백엔드/서버개발앱개발웹개발
https://www.saramin.co.kr/zf_user/jobs/relay/view?isMypage=no&rec_idx=47517995,[인텔리전스랩스] MLOps팀 백엔드 개발자 (Python/Go),경기성남시 분당구,백엔드/서버개발네트워크머신러닝알고리즘
https://www.saramin.co.kr/zf_user/jobs/relay/view?isMypage=no&rec_idx=47494945,[중고나라] 신입 백엔드(Python&Java) 개발자 채용,서울서초구,게임개발기술지원데이터분석가데이터엔지니어
https://www.saramin.co.kr/zf_user/jobs/relay/view?isMypage=no&rec_idx=47378030,특허/상표 데이터 등 분석(Python) 및 사업 기획 모집,서울강남구,데이터분석가머신러닝빅데이터크롤링
https://www.saramin.co.kr/zf_user/jobs/relay/view?isMypage=no&rec_idx=47254400,"개발자(System Engineer, Python), 전문연구요원 모집 공고",대구달성군,SE(시스템엔지니어)솔루션인터페이스라즈베리파이
https://www.saramin.co.kr/zf_user/jobs/relay/view?isMypage=no&rec_idx=47214301,마스코리아(주) Python 시스템 개발자 신입 및 경력사원 채용,서울강남구,IT컨설팅딥러닝MySQLPytorch
https://www.saramin.co.kr/zf_user/jobs/relay/view?isMypage=no&rec_idx=46894201,Python SW 설계,경기고양시,SE(시스템엔지니어)S/WC#Linux
https://www.saramin.co.kr/zf_user/jobs/relay/view?isMypage=no&rec_idx=47337295,솔루션 S/W 개발자 모집(Python/Django),서울송파구,Git네트워크APIS/W
https://www.saramin.co.kr/zf_user/jobs/relay/view?isMypage=no&rec_idx=47391766,"머신비전 개발자 , C/C++/C#, OpenCV, MIL, PYTHON, 딥러닝",경기용인시 기흥구,머신러닝빅데이터S/WAI(인공지능)
https://www.saramin.co.kr/zf_user/jobs/relay/view?isMypage=no&rec_idx=47520120,"웹 개발자, Python 개발자 채용",강원춘천시,백엔드/서버개발앱개발웹개발프론트엔드
https://www.saramin.co.kr/zf_user/jobs/relay/view?isMypage=no&rec_idx=47426975,[코레이즈] Python (Flask) 웹 개발자 채용 (신입-보충역),서울성동구,백엔드/서버개발웹개발프론트엔드DBMS
https://www.saramin.co.kr/zf_user/jobs/relay/view?isMypage=no&rec_idx=47428536,[안랩-제이슨] Python 파이썬 개발자 영입,서울마포구,데이터엔지니어빅데이터FlaskKeras
https://www.saramin.co.kr/zf_user/jobs/relay/view?isMypage=no&rec_idx=47426149,미래를 함께할 Python 개발자 신입 사원 채용,경기안양시 동안구,웹개발DjangoOracleDBPostgreSQL
https://www.saramin.co.kr/zf_user/jobs/relay/view?isMypage=no&rec_idx=47336727,"광고솔루션 JAVA, Python 백앤드개발자 경력자 모집",서울서초구,백엔드/서버개발솔루션클라우드API
https://www.saramin.co.kr/zf_user/jobs/relay/view?isMypage=no&rec_idx=47332138,Solution/SW 개발자 채용 - Java/Python(경력),서울강남구,웹개발프론트엔드S/WJava
https://www.saramin.co.kr/zf_user/jobs/relay/view?isMypage=no&rec_idx=47399667,백엔드 엔지니어 (Python) 채용,서울강남구,백엔드/서버개발RDBMSDockerGit
https://www.saramin.co.kr/zf_user/jobs/relay/view?isMypage=no&rec_idx=46726552,"Data Engineer (Python, SQL)",서울전체,SE(시스템엔지니어)데이터마이닝데이터시각화빅데이터
https://www.saramin.co.kr/zf_user/jobs/relay/view?isMypage=no&rec_idx=47526735,파이썬(Python) 백엔드 개발자 모십니다,서울강남구,백엔드/서버개발앱개발프론트엔드Android
https://www.saramin.co.kr/zf_user/jobs/relay/view?isMypage=no&rec_idx=46604451,[파운트/핀테크] RA(로보어드바이저) 백엔드 개발자(Python),서울중구,백엔드/서버개발웹개발DBASE(시스템엔지니어)
https://www.saramin.co.kr/zf_user/jobs/relay/view?isMypage=no&rec_idx=41068534,"[패스오더] 백엔드 개발자(Spring, Python, MSA)",서울강남구,백엔드/서버개발웹개발SE(시스템엔지니어)인프라
https://www.saramin.co.kr/zf_user/jobs/relay/view?isMypage=no&rec_idx=47444713,[인텔리전스랩스] 게임 이상탐지 백엔드 개발자 (Python),경기성남시 분당구,백엔드/서버개발네트워크솔루션알고리즘
https://www.saramin.co.kr/zf_user/jobs/relay/view?isMypage=no&rec_idx=47272460,차량용 Software Test 자동화 개발(Python) 및 검증,인천서구,RPAS/WR솔루션업체
https://www.saramin.co.kr/zf_user/jobs/relay/view?isMypage=no&rec_idx=47496138,[여의도/본사] 현대카드 리스크관리팀채용/SQL/PYTHON,서울영등포구,데이터분석가SQL사무직문서작성
https://www.saramin.co.kr/zf_user/jobs/relay/view?isMypage=no&rec_idx=47396701,[코레이즈] Python (Flask) 웹 개발자 채용 (신입),서울성동구,백엔드/서버개발웹개발프론트엔드DBMS
https://www.saramin.co.kr/zf_user/jobs/relay/view?isMypage=no&rec_idx=47494945,[중고나라] 신입 백엔드(Python&Java) 개발자 채용,서울서초구,게임개발기술지원데이터분석가데이터엔지니어
https://www.saramin.co.kr/zf_user/jobs/relay/view?isMypage=no&rec_idx=47328923,소프트웨어 개발 (Java&Python) 신입 및 경력 모집,서울강남구,앱개발웹개발알고리즘HTML
https://www.saramin.co.kr/zf_user/jobs/relay/view?isMypage=no&rec_idx=47471170,[재택근무] REACT · PHP · PYTHON 개발자 채용,서울양천구,백엔드/서버개발앱개발웹개발퍼블리셔
https://www.saramin.co.kr/zf_user/jobs/relay/view?isMypage=no&rec_idx=47428631,이커머스 솔루션 Python Backend 개발자,서울강남구,백엔드/서버개발웹개발프론트엔드SE(시스템엔지니어)
https://www.saramin.co.kr/zf_user/jobs/relay/view?isMypage=no&rec_idx=47369997,"프로그래밍(JAVA, Python) / 디자인 / OA / 회계 분야 강사 채용",충북청주시 상당구,데이터분석가백엔드/서버개발앱개발웹개발
https://www.saramin.co.kr/zf_user/jobs/relay/view?isMypage=no&rec_idx=47437901,Python 개발자 모집,서울강남구,백엔드/서버개발웹개발유지보수API
https://www.saramin.co.kr/zf_user/jobs/relay/view?isMypage=no&rec_idx=47528921,백엔드 Python 개발자 신입/경력 채용,서울영등포구,백엔드/서버개발인프라APIRDBMS
https://www.saramin.co.kr/zf_user/jobs/relay/view?isMypage=no&rec_idx=47489494,[크레드잇] 백엔드Backend 개발자를 모십니다 (Django/Python),서울영등포구,백엔드/서버개발APIAWSDjango
https://www.saramin.co.kr/zf_user/jobs/relay/view?isMypage=no&rec_idx=47263260,"Python/PHP개발자, 디자이너, 퍼블리셔, 기획자 신입/경력",서울강서구,딥러닝퍼블리셔클라우드API
https://www.saramin.co.kr/zf_user/jobs/relay/view?isMypage=no&rec_idx=42358916,"[패스오더] 백엔드 개발자 (Spring, Python, MSA) (병역특례/산업기능요원/보충역/전직)",서울강남구,백엔드/서버개발웹개발DBASE(시스템엔지니어)
https://www.saramin.co.kr/zf_user/jobs/relay/view?isMypage=no&rec_idx=47444713,[인텔리전스랩스] 게임 이상탐지 백엔드 개발자 (Python),경기성남시 분당구,백엔드/서버개발네트워크솔루션알고리즘
https://www.saramin.co.kr/zf_user/jobs/relay/view?isMypage=no&rec_idx=47492542,python 개발자,서울전체,백엔드/서버개발웹개발SE(시스템엔지니어)네트워크
https://www.saramin.co.kr/zf_user/jobs/relay/view?isMypage=no&rec_idx=47479696,[신입/경력] Java / Python / 풀스택 / 프론트엔드 개발자 모집,대전유성구,백엔드/서버개발앱개발웹개발웹마스터
https://www.saramin.co.kr/zf_user/jobs/relay/view?isMypage=no&rec_idx=46726552,"Data Engineer (Python, SQL)",서울전체,SE(시스템엔지니어)데이터마이닝데이터시각화빅데이터
https://www.saramin.co.kr/zf_user/jobs/relay/view?isMypage=no&rec_idx=47378030,특허/상표 데이터 등 분석(Python) 및 사업 기획 모집,서울강남구,데이터분석가머신러닝빅데이터크롤링
https://www.saramin.co.kr/zf_user/jobs/relay/view?isMypage=no&rec_idx=47463112,데이터분석/Python/JAVA/SAS 인재 채용,서울강남구,데이터분석가빅데이터클라우드Java
https://www.saramin.co.kr/zf_user/jobs/relay/view?isMypage=no&rec_idx=47473059,"[병.의원 의료 DB]데이터 엔지니어 채용 (JAVA, Python, SQL)",서울강남구,데이터분석가데이터엔지니어백엔드/서버개발데이터라벨링
https://www.saramin.co.kr/zf_user/jobs/relay/view?isMypage=no&rec_idx=47426975,[코레이즈] Python (Flask) 웹 개발자 채용 (신입-보충역),서울성동구,백엔드/서버개발웹개발프론트엔드DBMS
https://www.saramin.co.kr/zf_user/jobs/relay/view?isMypage=no&rec_idx=47446357,AI/NLP 개발자(Python/JAVA)모집 (전문연구요원 병역특례가능),서울구로구,웹개발NLP(자연어처리)AI(인공지능).NET
https://www.saramin.co.kr/zf_user/jobs/relay/view?isMypage=no&rec_idx=47396900,"특허데이터 분석(Python, 엑셀, PPT 활용) 직원 모집",서울강남구,데이터분석가데이터시각화특허분석데이터분석
https://www.saramin.co.kr/zf_user/jobs/relay/view?isMypage=no&rec_idx=47526735,파이썬(Python) 백엔드 개발자 모십니다,서울강남구,백엔드/서버개발앱개발프론트엔드Android
https://www.saramin.co.kr/zf_user/jobs/relay/view?isMypage=no&rec_idx=47399667,백엔드 엔지니어 (Python) 채용,서울강남구,백엔드/서버개발RDBMSDockerGit
https://www.saramin.co.kr/zf_user/jobs/relay/view?isMypage=no&rec_idx=47517995,[인텔리전스랩스] MLOps팀 백엔드 개발자 (Python/Go),경기성남시 분당구,백엔드/서버개발네트워크머신러닝알고리즘
https://www.saramin.co.kr/zf_user/jobs/relay/view?isMypage=no&rec_idx=47214301,마스코리아(주) Python 시스템 개발자 신입 및 경력사원 채용,서울강남구,IT컨설팅딥러닝MySQLPytorch
https://www.saramin.co.kr/zf_user/jobs/relay/view?isMypage=no&rec_idx=46894201,Python SW 설계,경기고양시,SE(시스템엔지니어)S/WC#Linux
https://www.saramin.co.kr/zf_user/jobs/relay/view?isMypage=no&rec_idx=41068534,"[패스오더] 백엔드 개발자(Spring, Python, MSA)",서울강남구,백엔드/서버개발웹개발SE(시스템엔지니어)인프라
https://www.saramin.co.kr/zf_user/jobs/relay/view?isMypage=no&rec_idx=47391766,"머신비전 개발자 , C/C++/C#, OpenCV, MIL, PYTHON, 딥러닝",경기용인시 기흥구,머신러닝빅데이터S/WAI(인공지능)
https://www.saramin.co.kr/zf_user/jobs/relay/view?isMypage=no&rec_idx=47520120,"웹 개발자, Python 개발자 채용",강원춘천시,백엔드/서버개발앱개발웹개발프론트엔드
https://www.saramin.co.kr/zf_user/jobs/relay/view?isMypage=no&rec_idx=47336727,"광고솔루션 JAVA, Python 백앤드개발자 경력자 모집",서울서초구,백엔드/서버개발솔루션클라우드API
https://www.saramin.co.kr/zf_user/jobs/relay/view?isMypage=no&rec_idx=47284051,python/Django 웹개발자 (신입/경력) 채용,서울송파구,웹개발모델링클라우드Django
https://www.saramin.co.kr/zf_user/jobs/relay/view?isMypage=no&rec_idx=47498837,"[(Java, Python) Back-End] 채용 모집",서울전체,백엔드/서버개발웹개발DBASE(시스템엔지니어)
https://www.saramin.co.kr/zf_user/jobs/relay/view?isMypage=no&rec_idx=47254400,"개발자(System Engineer, Python), 전문연구요원 모집 공고",대구달성군,SE(시스템엔지니어)솔루션인터페이스라즈베리파이
https://www.saramin.co.kr/zf_user/jobs/relay/view?isMypage=no&rec_idx=47337295,솔루션 S/W 개발자 모집(Python/Django),서울송파구,Git네트워크APIS/W
https://www.saramin.co.kr/zf_user/jobs/relay/view?isMypage=no&rec_idx=46604451,[파운트/핀테크] RA(로보어드바이저) 백엔드 개발자(Python),서울중구,백엔드/서버개발웹개발DBASE(시스템엔지니어)
https://www.saramin.co.kr/zf_user/jobs/relay/view?isMypage=no&rec_idx=47332138,Solution/SW 개발자 채용 - Java/Python(경력),서울강남구,웹개발프론트엔드S/WJava
https://www.saramin.co.kr/zf_user/jobs/relay/view?isMypage=no&rec_idx=47428536,[안랩-제이슨] Python 파이썬 개발자 영입,서울마포구,데이터엔지니어빅데이터FlaskKeras
https://www.saramin.co.kr/zf_user/jobs/relay/view?isMypage=no&rec_idx=47426149,미래를 함께할 Python 개발자 신입 사원 채용,경기안양시 동안구,웹개발DjangoOracleDBPostgreSQL
https://www.saramin.co.kr/zf_user/jobs/relay/view?isMypage=no&rec_idx=47272460,차량용 Software Test 자동화 개발(Python) 및 검증,인천서구,RPAS/WR솔루션업체
